{
    "position": "defender",
    "x": 0,
    "y": 0,
    "third": 0,
    "yellow_card": 0,
    "red_card": 0,
    "move": [ 0.0, 0.20, 0.80 ],
    "probability": [
[0.0,0.0,0.03731343283582089,0.11194029850746269,0.14925373134328357,0.27611940298507465,0.30597014925373134,0.3283582089552239,0.3805970149253731,0.39552238805970147,0.44029850746268656,0.44029850746268656,0.44776119402985076,0.44776119402985076,0.44776119402985076,0.4626865671641791,0.5970149253731343,0.5970149253731343,0.5970149253731343,0.5970149253731343,0.5970149253731343,0.5970149253731343,0.6119402985074627,0.6119402985074627,0.6119402985074627,0.6119402985074627],
[0.018796992481203006,0.018796992481203006,0.018796992481203006,0.07518796992481203,0.07518796992481203,0.231203007518797,0.25375939849624063,0.3966165413533835,0.4473684210526316,0.48120300751879697,0.5375939849624061,0.5469924812030075,0.5921052631578947,0.5921052631578947,0.6015037593984962,0.6015037593984962,0.6015037593984962,0.6015037593984962,0.6015037593984962,0.6015037593984962,0.6015037593984962,0.6015037593984962,0.6015037593984962,0.6015037593984962,0.6015037593984962,0.6015037593984962],
[0.0036496350364963502,0.0036496350364963502,0.0036496350364963502,0.0170316301703163,0.0170316301703163,0.08759124087591241,0.08759124087591241,0.28832116788321166,0.3150851581508516,0.44038929440389296,0.48175182481751827,0.5072992700729927,0.5425790754257908,0.5462287104622872,0.5608272506082725,0.5608272506082725,0.5608272506082725,0.5608272506082725,0.5608272506082725,0.5608272506082725,0.5608272506082725,0.5608272506082725,0.5608272506082725,0.5608272506082725,0.5608272506082725,0.5608272506082725],
[0.007957559681697613,0.007957559681697613,0.007957559681697613,0.009283819628647215,0.009283819628647215,0.017241379310344827,0.017241379310344827,0.11140583554376658,0.11273209549071618,0.3275862068965517,0.34350132625994695,0.4535809018567639,0.5,0.5212201591511937,0.5503978779840849,0.5503978779840849,0.5503978779840849,0.5503978779840849,0.5503978779840849,0.5503978779840849,0.5503978779840849,0.5503978779840849,0.5503978779840849,0.5503978779840849,0.5503978779840849,0.5503978779840849],
[0.006355932203389831,0.006355932203389831,0.006355932203389831,0.006355932203389831,0.006355932203389831,0.006355932203389831,0.006355932203389831,0.01059322033898305,0.01059322033898305,0.11228813559322035,0.11440677966101695,0.3453389830508475,0.3813559322033898,0.4830508474576271,0.5572033898305084,0.5572033898305084,0.5572033898305084,0.5572033898305084,0.5572033898305084,0.5572033898305084,0.5572033898305084,0.5572033898305084,0.5572033898305084,0.5572033898305084,0.5614406779661016,0.5572033898305084],
[0.0049504950495049506,0.0049504950495049506,0.0049504950495049506,0.0049504950495049506,0.0049504950495049506,0.0049504950495049506,0.0049504950495049506,0.0049504950495049506,0.0049504950495049506,0.01485148514851485,0.01485148514851485,0.08415841584158416,0.0891089108910891,0.3069306930693069,0.5693069306930693,0.5693069306930693,0.6287128712871287,0.6287128712871287,0.6386138613861386,0.6336633663366337,0.6386138613861386,0.6386138613861386,0.6386138613861386,0.6386138613861386,0.6386138613861386,0.6386138613861386]
    ]
}
