{
    "position": "forward",
    "x": 0,
    "y": 0,
    "third": 0,
    "yellow_card": 0,
    "red_card": 0,
    "move": [ 0.0, 0.05, 0.30 ],
    "probability": [
[0.030303030303030304,0.030303030303030304,0.36363636363636365,0.48484848484848486,0.48484848484848486,0.5454545454545454,0.6363636363636364,0.6666666666666666,0.696969696969697,0.696969696969697,0.7878787878787878,0.7878787878787878,0.7878787878787878,0.7878787878787878,0.7878787878787878,0.7878787878787878,0.7878787878787878,0.7878787878787878,0.7878787878787878,0.7878787878787878,0.7878787878787878,0.7878787878787878,0.7878787878787878,0.7878787878787878,0.7878787878787878,0.7878787878787878],
[0.05063291139240506,0.05063291139240506,0.05063291139240506,0.0949367088607595,0.10126582278481013,0.2911392405063291,0.3670886075949367,0.5126582278481012,0.5886075949367089,0.5886075949367089,0.620253164556962,0.620253164556962,0.620253164556962,0.620253164556962,0.620253164556962,0.620253164556962,0.620253164556962,0.620253164556962,0.620253164556962,0.620253164556962,0.620253164556962,0.620253164556962,0.620253164556962,0.620253164556962,0.620253164556962,0.620253164556962],
[0.03626220362622036,0.03626220362622036,0.03626220362622036,0.03765690376569038,0.03765690376569038,0.09762900976290098,0.10181311018131102,0.3305439330543933,0.3723849372384937,0.5104602510460251,0.5495118549511855,0.5536959553695955,0.5634588563458857,0.5648535564853556,0.5662482566248257,0.5662482566248257,0.5662482566248257,0.5662482566248257,0.5662482566248257,0.5662482566248257,0.5662482566248257,0.5662482566248257,0.5662482566248257,0.5662482566248257,0.5662482566248257,0.5662482566248257],
[0.03840970350404313,0.03840970350404313,0.03840970350404313,0.03840970350404313,0.03840970350404313,0.0444743935309973,0.0444743935309973,0.14016172506738545,0.14690026954177898,0.3948787061994609,0.45350404312668463,0.5128032345013477,0.5653638814016172,0.5714285714285714,0.5849056603773585,0.5849056603773585,0.5849056603773585,0.5849056603773585,0.5849056603773585,0.5849056603773585,0.5849056603773585,0.5849056603773585,0.5849056603773585,0.5849056603773585,0.5849056603773585,0.5849056603773585],
[0.029912023460410556,0.029912023460410556,0.029912023460410556,0.029912023460410556,0.029912023460410556,0.029912023460410556,0.029912023460410556,0.03284457478005865,0.03284457478005865,0.11495601173020528,0.13196480938416422,0.34838709677419355,0.43343108504398825,0.5049853372434018,0.5636363636363636,0.5636363636363636,0.5947214076246334,0.5947214076246334,0.5953079178885631,0.5947214076246334,0.5953079178885631,0.5953079178885631,0.5958944281524927,0.5953079178885631,0.5958944281524927,0.5958944281524927],
[0.008322663252240717,0.008322663252240717,0.008322663252240717,0.008322663252240717,0.008322663252240717,0.008322663252240717,0.008322663252240717,0.008962868117797696,0.008962868117797696,0.008962868117797696,0.008962868117797696,0.07170294494238157,0.07810499359795134,0.15941101152368758,0.2970550576184379,0.2970550576184379,0.560179257362356,0.560179257362356,0.5691421254801536,0.5608194622279129,0.5723431498079385,0.5710627400768246,0.5857874519846351,0.5761843790012804,0.5857874519846351,0.5857874519846351]
    ]
  }
