{
    "position": "forward",
    "x": 0,
    "y": 0,
    "third": 0,
    "yellow_card": 0,
    "red_card": 0,
    "move": [ 0.0, 0.05, 0.30 ],
    "probability": [
[0.024390243902439025,0.024390243902439025,0.12195121951219512,0.1951219512195122,0.1951219512195122,0.2926829268292683,0.3170731707317073,0.3170731707317073,0.36585365853658536,0.36585365853658536,0.36585365853658536,0.36585365853658536,0.36585365853658536,0.36585365853658536,0.36585365853658536,0.3902439024390244,0.5853658536585366,0.5853658536585366,0.5853658536585366,0.5853658536585366,0.5853658536585366,0.5853658536585366,0.6097560975609756,0.6097560975609756,0.6097560975609756,0.6097560975609756],
[0.040983606557377046,0.040983606557377046,0.040983606557377046,0.06557377049180328,0.06557377049180328,0.3114754098360656,0.36065573770491804,0.4672131147540984,0.5737704918032787,0.5737704918032787,0.6065573770491803,0.6065573770491803,0.6229508196721312,0.6229508196721312,0.6229508196721312,0.6229508196721312,0.6229508196721312,0.6229508196721312,0.6229508196721312,0.6229508196721312,0.6229508196721312,0.6229508196721312,0.6229508196721312,0.6229508196721312,0.6229508196721312,0.6229508196721312],
[0.018561484918793503,0.018561484918793503,0.018561484918793503,0.02088167053364269,0.02088167053364269,0.10440835266821345,0.10904872389791183,0.308584686774942,0.37122969837587005,0.4965197215777262,0.5498839907192575,0.5614849187935035,0.5777262180974478,0.5777262180974478,0.5777262180974478,0.5777262180974478,0.5777262180974478,0.5777262180974478,0.5777262180974478,0.5777262180974478,0.5777262180974478,0.5777262180974478,0.5777262180974478,0.5777262180974478,0.5777262180974478,0.5777262180974478],
[0.02993348115299335,0.02993348115299335,0.02993348115299335,0.02993348115299335,0.02993348115299335,0.03436807095343681,0.03436807095343681,0.12527716186252771,0.13303769401330376,0.35698447893569846,0.4090909090909091,0.4844789356984479,0.5620842572062085,0.5764966740576497,0.5909090909090909,0.5909090909090909,0.5909090909090909,0.5909090909090909,0.5909090909090909,0.5909090909090909,0.5909090909090909,0.5909090909090909,0.5909090909090909,0.5909090909090909,0.5909090909090909,0.5909090909090909],
[0.015105740181268883,0.015105740181268883,0.015105740181268883,0.015105740181268883,0.015105740181268883,0.015105740181268883,0.015105740181268883,0.016112789526686808,0.017119838872104734,0.1067472306143001,0.11379657603222558,0.35850956696878145,0.45417925478348437,0.5115810674723061,0.5800604229607251,0.5800604229607251,0.5931520644511581,0.5931520644511581,0.5931520644511581,0.5931520644511581,0.5931520644511581,0.5931520644511581,0.5931520644511581,0.5931520644511581,0.594159113796576,0.5931520644511581],
[0.004162330905306972,0.004162330905306972,0.004162330905306972,0.004162330905306972,0.004162330905306972,0.004162330905306972,0.004162330905306972,0.004162330905306972,0.004162330905306972,0.004162330905306972,0.004162330905306972,0.06347554630593132,0.07284079084287201,0.15608740894901144,0.2518210197710718,0.2518210197710718,0.5400624349635796,0.5400624349635796,0.5504682622268471,0.5421436004162331,0.5515088449531738,0.5515088449531738,0.5598335067637877,0.5556711758584808,0.5619146722164412,0.5598335067637877]
    ]
  }
