{
    "position": "goalkeeper",
    "x": 0,
    "y": 0,
    "third": 0,
    "yellow_card": 0,
    "red_card": 0,
    "move": [ 0.0, 0.20, 1.0 ],
    "probability": [
[0.0,0.0,0.0,0.0,0.0,0.13043478260869565,0.13043478260869565,0.17391304347826086,0.2391304347826087,0.3695652173913043,0.5434782608695652,0.5652173913043478,0.6304347826086957,0.6304347826086957,0.6739130434782609,0.6739130434782609,0.6739130434782609,0.6739130434782609,0.6739130434782609,0.6739130434782609,0.6739130434782609,0.6739130434782609,0.6739130434782609,0.6739130434782609,0.6739130434782609,0.6739130434782609],
[0.0,0.0,0.0,0.0,0.0,0.1,0.1,0.1,0.1,0.2,0.3,0.4,0.6,0.6,0.7,0.7,0.7,0.7,0.7,0.7,0.7,0.7,0.7,0.7,0.7,0.7],
[0.0,0.0,0.0,0.0,0.0,0.0,0.0,0.0,0.0,0.0,0.0,0.0,0.0,0.0,1.0,1.0,1.0,1.0,1.0,1.0,1.0,1.0,1.0,1.0,1.0,1.0]
    ]
  }
