{
    "position": "goalkeeper",
    "x": 0,
    "y": 0,
    "third": 0,
    "yellow_card": 0,
    "red_card": 0,
    "move": [ 0.0, 0.20, 1.0 ],
    "probability": [
[0.0,0.0,0.0,0.035398230088495575,0.035398230088495575,0.23893805309734514,0.24778761061946902,0.30973451327433627,0.3805309734513274,0.46017699115044247,0.5309734513274337,0.5398230088495575,0.6106194690265486,0.6106194690265486,0.6106194690265486,0.6106194690265486,0.6106194690265486,0.6106194690265486,0.6106194690265486,0.6106194690265486,0.6106194690265486,0.6106194690265486,0.6106194690265486,0.6106194690265486,0.6106194690265486,0.6106194690265486],
[0.0,0.0,0.0,0.0,0.0,0.07692307692307693,0.07692307692307693,0.07692307692307693,0.07692307692307693,0.15384615384615385,0.15384615384615385,0.38461538461538464,0.6153846153846154,0.6153846153846154,0.6153846153846154,0.6153846153846154,0.6153846153846154,0.6153846153846154,0.6153846153846154,0.6153846153846154,0.6153846153846154,0.6153846153846154,0.6153846153846154,0.6153846153846154,0.6153846153846154,0.6153846153846154]
    ]
  }
