{
    "position": "defender",
    "x": 0,
    "y": 0,
    "third": 0,
    "yellow_card": 0,
    "red_card": 0,
    "move": [ 0.0, 0.20, 0.80 ],
    "probability": [
[0.05405405405405406,0.05405405405405406,0.09009009009009009,0.18018018018018017,0.1981981981981982,0.3153153153153153,0.3963963963963964,0.40540540540540543,0.5315315315315315,0.5315315315315315,0.5315315315315315,0.5405405405405406,0.5495495495495496,0.5495495495495496,0.5495495495495496,0.5585585585585585,0.6666666666666666,0.6666666666666666,0.6666666666666666,0.6666666666666666,0.6666666666666666,0.6666666666666666,0.6666666666666666,0.6666666666666666,0.6666666666666666,0.6666666666666666],
[0.004866180048661801,0.004866180048661801,0.004866180048661801,0.04866180048661801,0.051094890510948905,0.21654501216545013,0.2360097323600973,0.39172749391727496,0.45742092457420924,0.5036496350364964,0.5352798053527981,0.5401459854014599,0.5717761557177615,0.5742092457420924,0.5815085158150851,0.5815085158150851,0.5815085158150851,0.5815085158150851,0.5815085158150851,0.5815085158150851,0.5815085158150851,0.5815085158150851,0.5815085158150851,0.5815085158150851,0.5815085158150851,0.5815085158150851],
[0.0081799591002045,0.0081799591002045,0.0081799591002045,0.018404907975460124,0.018404907975460124,0.09202453987730061,0.09202453987730061,0.2658486707566462,0.2903885480572597,0.40286298568507156,0.4601226993865031,0.5051124744376279,0.5501022494887525,0.558282208588957,0.5766871165644172,0.5766871165644172,0.5766871165644172,0.5766871165644172,0.5766871165644172,0.5766871165644172,0.5766871165644172,0.5766871165644172,0.5766871165644172,0.5766871165644172,0.5766871165644172,0.5766871165644172],
[0.008522727272727272,0.008522727272727272,0.008522727272727272,0.008522727272727272,0.008522727272727272,0.019886363636363636,0.019886363636363636,0.11647727272727272,0.11647727272727272,0.32386363636363635,0.3409090909090909,0.4431818181818182,0.5056818181818182,0.5340909090909091,0.5539772727272727,0.5539772727272727,0.5539772727272727,0.5539772727272727,0.5539772727272727,0.5539772727272727,0.5539772727272727,0.5539772727272727,0.5539772727272727,0.5539772727272727,0.5539772727272727,0.5539772727272727],
[0.005154639175257732,0.005154639175257732,0.005154639175257732,0.005154639175257732,0.005154639175257732,0.005154639175257732,0.005154639175257732,0.030927835051546393,0.03608247422680412,0.12886597938144329,0.13402061855670103,0.3402061855670103,0.4175257731958763,0.5154639175257731,0.5773195876288659,0.5773195876288659,0.5773195876288659,0.5773195876288659,0.5773195876288659,0.5773195876288659,0.5773195876288659,0.5773195876288659,0.5773195876288659,0.5773195876288659,0.5773195876288659,0.5773195876288659],
[0.0,0.0,0.0,0.0,0.0,0.0,0.0,0.0,0.0,0.0,0.0,0.11214953271028037,0.12149532710280374,0.38317757009345793,0.5887850467289719,0.5887850467289719,0.5887850467289719,0.5887850467289719,0.616822429906542,0.5887850467289719,0.616822429906542,0.616822429906542,0.6261682242990654,0.616822429906542,0.6261682242990654,0.6261682242990654]
    ]
}
