{
    "position": "midfielder",
    "x": 0,
    "y": 0,
    "third": 0,
    "yellow_card": 0,
    "red_card": 0,
    "move": [ 0.0, 0.20, 0.60 ],
    "probability": [
[0.02247191011235955,0.02247191011235955,0.12359550561797752,0.2752808988764045,0.30337078651685395,0.43820224719101125,0.4887640449438202,0.5393258426966292,0.6123595505617978,0.6179775280898876,0.651685393258427,0.651685393258427,0.6573033707865169,0.6573033707865169,0.6573033707865169,0.6573033707865169,0.6573033707865169,0.6573033707865169,0.6573033707865169,0.6573033707865169,0.6573033707865169,0.6573033707865169,0.6573033707865169,0.6573033707865169,0.6573033707865169,0.6573033707865169],
[0.028537455410225922,0.028537455410225922,0.028537455410225922,0.07966706302021404,0.08085612366230678,0.3055885850178359,0.3376932223543401,0.469678953626635,0.5148632580261593,0.5267538644470868,0.544589774078478,0.5529131985731273,0.5636147443519619,0.5659928656361475,0.5695600475624257,0.5695600475624257,0.5695600475624257,0.5695600475624257,0.5695600475624257,0.5695600475624257,0.5695600475624257,0.5695600475624257,0.5695600475624257,0.5695600475624257,0.5695600475624257,0.5695600475624257],
[0.010484273589615577,0.010484273589615577,0.010484273589615577,0.011982026959560658,0.011982026959560658,0.10334498252621069,0.10634048926610085,0.33899151273090367,0.363954068896655,0.472790813779331,0.5032451323015477,0.5192211682476285,0.5351972041937094,0.5376934598102846,0.54717923115327,0.54717923115327,0.54717923115327,0.54717923115327,0.54717923115327,0.54717923115327,0.54717923115327,0.54717923115327,0.54717923115327,0.54717923115327,0.54717923115327,0.54717923115327],
[0.01529497450837582,0.01529497450837582,0.01529497450837582,0.01529497450837582,0.01529497450837582,0.02039329934450109,0.020757465404224327,0.10342316096139839,0.1045156591405681,0.3437727603787327,0.36926438455935906,0.47560087399854334,0.5174799708667153,0.5305899490167516,0.5535324107793154,0.5535324107793154,0.5535324107793154,0.5535324107793154,0.5535324107793154,0.5535324107793154,0.5535324107793154,0.5535324107793154,0.5535324107793154,0.5535324107793154,0.5535324107793154,0.5535324107793154],
[0.013089005235602094,0.013089005235602094,0.013089005235602094,0.013089005235602094,0.013089005235602094,0.013612565445026177,0.013612565445026177,0.01780104712041885,0.01780104712041885,0.0905759162303665,0.09319371727748692,0.32460732984293195,0.3785340314136126,0.4675392670157068,0.5329842931937173,0.5329842931937173,0.5643979057591623,0.5643979057591623,0.5675392670157068,0.5649214659685864,0.5675392670157068,0.5675392670157068,0.5701570680628272,0.5675392670157068,0.5701570680628272,0.5701570680628272],
[0.007650273224043716,0.007650273224043716,0.007650273224043716,0.007650273224043716,0.007650273224043716,0.007650273224043716,0.007650273224043716,0.007650273224043716,0.007650273224043716,0.008743169398907104,0.008743169398907104,0.07103825136612021,0.07759562841530054,0.253551912568306,0.4885245901639344,0.4885245901639344,0.6109289617486339,0.6109289617486339,0.6196721311475409,0.6120218579234973,0.6218579234972678,0.6218579234972678,0.6316939890710382,0.6240437158469946,0.6327868852459017,0.6316939890710382]
    ]
}
