{
    "position": "midfielder",
    "x": 0,
    "y": 0,
    "third": 0,
    "yellow_card": 0,
    "red_card": 0,
    "move": [ 0.0, 0.20, 0.60 ],
    "probability": [
[0.03007518796992481,0.03759398496240601,0.17293233082706766,0.2781954887218045,0.3684210526315789,0.48120300751879697,0.556390977443609,0.6165413533834586,0.6766917293233082,0.6766917293233082,0.706766917293233,0.706766917293233,0.7142857142857143,0.7142857142857143,0.7218045112781954,0.7218045112781954,0.7218045112781954,0.7218045112781954,0.7218045112781954,0.7218045112781954,0.7218045112781954,0.7218045112781954,0.7218045112781954,0.7218045112781954,0.7218045112781954,0.7218045112781954],
[0.020833333333333332,0.020833333333333332,0.020833333333333332,0.07386363636363637,0.07481060606060606,0.2935606060606061,0.3172348484848485,0.4678030303030303,0.5142045454545454,0.5284090909090909,0.5454545454545454,0.5473484848484849,0.5596590909090909,0.5596590909090909,0.5615530303030303,0.5615530303030303,0.5615530303030303,0.5615530303030303,0.5615530303030303,0.5615530303030303,0.5615530303030303,0.5615530303030303,0.5615530303030303,0.5615530303030303,0.5615530303030303,0.5615530303030303],
[0.014272970561998216,0.014272970561998216,0.014272970561998216,0.020517395182872437,0.020517395182872437,0.11091287540886113,0.11329170383586083,0.3452274754683318,0.36812369907820397,0.47636039250669043,0.503716919417187,0.5203687184061849,0.535831103181683,0.5379125780553078,0.544454356229557,0.544454356229557,0.544454356229557,0.544454356229557,0.544454356229557,0.544454356229557,0.544454356229557,0.544454356229557,0.544454356229557,0.544454356229557,0.544454356229557,0.544454356229557],
[0.010969832959361756,0.010969832959361756,0.010969832959361756,0.011468461730241835,0.011468461730241835,0.01795063575168287,0.01795063575168287,0.11343804537521815,0.11642981800049863,0.35203191224133634,0.37895786586886065,0.4831712789827973,0.5143355771628023,0.5243081525804039,0.5477437048117676,0.5477437048117676,0.5477437048117676,0.5477437048117676,0.5477437048117676,0.5477437048117676,0.5477437048117676,0.5477437048117676,0.5477437048117676,0.5477437048117676,0.5477437048117676,0.5477437048117676],
[0.0137221269296741,0.0137221269296741,0.0137221269296741,0.0137221269296741,0.0137221269296741,0.014065180102915952,0.014065180102915952,0.01783876500857633,0.01783876500857633,0.11423670668953688,0.11595197255574614,0.3591766723842196,0.41612349914236707,0.4885077186963979,0.5530017152658662,0.5530017152658662,0.5663807890222985,0.5663807890222985,0.5691252144082333,0.5663807890222985,0.5691252144082333,0.5691252144082333,0.5704974271012007,0.5691252144082333,0.5704974271012007,0.5704974271012007],
[0.004230118443316413,0.004230118443316413,0.004230118443316413,0.004230118443316413,0.004230118443316413,0.004230118443316413,0.004230118443316413,0.004230118443316413,0.004230118443316413,0.005922165820642978,0.005922165820642978,0.06429780033840947,0.07191201353637902,0.2428087986463621,0.5101522842639594,0.5101522842639594,0.628595600676819,0.628595600676819,0.6370558375634517,0.628595600676819,0.6370558375634517,0.6370558375634517,0.6463620981387479,0.6395939086294417,0.6480541455160744,0.6463620981387479]
    ]
}
